{"cameraMode":{"drawMode":0,"name":"Shaded","section":"Shading Mode"},"sceneLighting":true,"audioPlay":false,"sceneViewState":{"showFog":true,"showMaterialUpdate":false,"showSkybox":true,"showFlares":true,"showImageEffects":true,"showParticleSystems":true},"in2DMode":false,"pivot":{"x":-0.8846547603607178,"y":-1.8606524467468262,"z":5.289867401123047},"rotation":{"x":-0.24945545196533204,"y":0.15090270340442658,"z":-0.0393865630030632,"w":-0.9557475447654724},"size":5.618407249450684,"orthographic":false}